dateTime,date,measure,station,label,stationReference,parameter,qualifier,datumType,period,unitName,valueType,value,severityLevel
2024-01-05T00:00:00Z,2024-01-05,http://environment.data.gov.uk/flood-monitoring/id/measures/2904TH-level-stage-i-15_min-mASD,http://environment.data.gov.uk/flood-monitoring/id/stations/2904TH,Shepperton Lock,2904TH,level,Stage,http://environment.data.gov.uk/flood-monitoring/def/core/datumASD,900,mASD,instantaneous,0.443,3
2024-01-05T00:15:00Z,2024-01-05,http://environment.data.gov.uk/flood-monitoring/id/measures/2904TH-level-stage-i-15_min-mASD,http://environment.data.gov.uk/flood-monitoring/id/stations/2904TH,Shepperton Lock,2904TH,level,Stage,http://environment.data.gov.uk/flood-monitoring/def/core/datumASD,900,mASD,instantaneous,0.428,3
2024-01-05T00:30:00Z,2024-01-05,http://environment.data.gov.uk/flood-monitoring/id/measures/2904TH-level-stage-i-15_min-mASD,http://environment.data.gov.uk/flood-monitoring/id/stations/2904TH,Shepperton Lock,2904TH,level,Stage,http://environment.data.gov.uk/flood-monitoring/def/core/datumASD,900,mASD,instantaneous,0.418,3
2024-01-05T00:45:00Z,2024-01-05,http://environment.data.gov.uk/flood-monitoring/id/measures/2904TH-level-stage-i-15_min-mASD,http://environment.data.gov.uk/flood-monitoring/id/stations/2904TH,Shepperton Lock,2904TH,level,Stage,http://environment.data.gov.uk/flood-monitoring/def/core/datumASD,900,mASD,instantaneous,0.44,3
2024-01-05T01:00:00Z,2024-01-05,http://environment.data.gov.uk/flood-monitoring/id/measures/2904TH-level-stage-i-15_min-mASD,http://environment.data.gov.uk/flood-monitoring/id/stations/2904TH,Shepperton Lock,2904TH,level,Stage,http://environment.data.gov.uk/flood-monitoring/def/core/datumASD,900,mASD,instantaneous,0.437,3
2024-01-05T01:15:00Z,2024-01-05,http://environment.data.gov.uk/flood-monitoring/id/measures/2904TH-level-stage-i-15_min-mASD,http://environment.data.gov.uk/flood-monitoring/id/stations/2904TH,Shepperton Lock,2904TH,level,Stage,http://environment.data.gov.uk/flood-monitoring/def/core/datumASD,900,mASD,instantaneous,0.444,3
2024-01-05T01:30:00Z,2024-01-05,http://environment.data.gov.uk/flood-monitoring/id/measures/2904TH-level-stage-i-15_min-mASD,http://environment.data.gov.uk/flood-monitoring/id/stations/2904TH,Shepperton Lock,2904TH,level,Stage,http://environment.data.gov.uk/flood-monitoring/def/core/datumASD,900,mASD,instantaneous,0.454,3
2024-01-05T01:45:00Z,2024-01-05,http://environment.data.gov.uk/flood-monitoring/id/measures/2904TH-level-stage-i-15_min-mASD,http://environment.data.gov.uk/flood-monitoring/id/stations/2904TH,Shepperton Lock,2904TH,level,Stage,http://environment.data.gov.uk/flood-monitoring/def/core/datumASD,900,mASD,instantaneous,0.444,3
2024-01-05T02:00:00Z,2024-01-05,http://environment.data.gov.uk/flood-monitoring/id/measures/2904TH-level-stage-i-15_min-mASD,http://environment.data.gov.uk/flood-monitoring/id/stations/2904TH,Shepperton Lock,2904TH,level,Stage,http://environment.data.gov.uk/flood-monitoring/def/core/datumASD,900,mASD,instantaneous,0.452,3
2024-01-05T02:15:00Z,2024-01-05,http://environment.data.gov.uk/flood-monitoring/id/measures/2904TH-level-stage-i-15_min-mASD,http://environment.data.gov.uk/flood-monitoring/id/stations/2904TH,Shepperton Lock,2904TH,level,Stage,http://environment.data.gov.uk/flood-monitoring/def/core/datumASD,900,mASD,instantaneous,0.449,3
2024-01-05T02:30:00Z,2024-01-05,http://environment.data.gov.uk/flood-monitoring/id/measures/2904TH-level-stage-i-15_min-mASD,http://environment.data.gov.uk/flood-monitoring/id/stations/2904TH,Shepperton Lock,2904TH,level,Stage,http://environment.data.gov.uk/flood-monitoring/def/core/datumASD,900,mASD,instantaneous,0.443,3
2024-01-05T02:45:00Z,2024-01-05,http://environment.data.gov.uk/flood-monitoring/id/measures/2904TH-level-stage-i-15_min-mASD,http://environment.data.gov.uk/flood-monitoring/id/stations/2904TH,Shepperton Lock,2904TH,level,Stage,http://environment.data.gov.uk/flood-monitoring/def/core/datumASD,900,mASD,instantaneous,0.448,3
2024-01-05T03:00:00Z,2024-01-05,http://environment.data.gov.uk/flood-monitoring/id/measures/2904TH-level-stage-i-15_min-mASD,http://environment.data.gov.uk/flood-monitoring/id/stations/2904TH,Shepperton Lock,2904TH,level,Stage,http://environment.data.gov.uk/flood-monitoring/def/core/datumASD,900,mASD,instantaneous,0.459,3
2024-01-05T03:15:00Z,2024-01-05,http://environment.data.gov.uk/flood-monitoring/id/measures/2904TH-level-stage-i-15_min-mASD,http://environment.data.gov.uk/flood-monitoring/id/stations/2904TH,Shepperton Lock,2904TH,level,Stage,http://environment.data.gov.uk/flood-monitoring/def/core/datumASD,900,mASD,instantaneous,0.471,3
2024-01-05T03:30:00Z,2024-01-05,http://environment.data.gov.uk/flood-monitoring/id/measures/2904TH-level-stage-i-15_min-mASD,http://environment.data.gov.uk/flood-monitoring/id/stations/2904TH,Shepperton Lock,2904TH,level,Stage,http://environment.data.gov.uk/flood-monitoring/def/core/datumASD,900,mASD,instantaneous,0.477,3
2024-01-05T03:45:00Z,2024-01-05,http://environment.data.gov.uk/flood-monitoring/id/measures/2904TH-level-stage-i-15_min-mASD,http://environment.data.gov.uk/flood-monitoring/id/stations/2904TH,Shepperton Lock,2904TH,level,Stage,http://environment.data.gov.uk/flood-monitoring/def/core/datumASD,900,mASD,instantaneous,0.477,3
2024-01-05T04:00:00Z,2024-01-05,http://environment.data.gov.uk/flood-monitoring/id/measures/2904TH-level-stage-i-15_min-mASD,http://environment.data.gov.uk/flood-monitoring/id/stations/2904TH,Shepperton Lock,2904TH,level,Stage,http://environment.data.gov.uk/flood-monitoring/def/core/datumASD,900,mASD,instantaneous,0.465,3
2024-01-05T04:15:00Z,2024-01-05,http://environment.data.gov.uk/flood-monitoring/id/measures/2904TH-level-stage-i-15_min-mASD,http://environment.data.gov.uk/flood-monitoring/id/stations/2904TH,Shepperton Lock,2904TH,level,Stage,http://environment.data.gov.uk/flood-monitoring/def/core/datumASD,900,mASD,instantaneous,0.479,3
2024-01-05T04:30:00Z,2024-01-05,http://environment.data.gov.uk/flood-monitoring/id/measures/2904TH-level-stage-i-15_min-mASD,http://environment.data.gov.uk/flood-monitoring/id/stations/2904TH,Shepperton Lock,2904TH,level,Stage,http://environment.data.gov.uk/flood-monitoring/def/core/datumASD,900,mASD,instantaneous,0.485,3
2024-01-05T04:45:00Z,2024-01-05,http://environment.data.gov.uk/flood-monitoring/id/measures/2904TH-level-stage-i-15_min-mASD,http://environment.data.gov.uk/flood-monitoring/id/stations/2904TH,Shepperton Lock,2904TH,level,Stage,http://environment.data.gov.uk/flood-monitoring/def/core/datumASD,900,mASD,instantaneous,0.479,3
2024-01-05T05:00:00Z,2024-01-05,http://environment.data.gov.uk/flood-monitoring/id/measures/2904TH-level-stage-i-15_min-mASD,http://environment.data.gov.uk/flood-monitoring/id/stations/2904TH,Shepperton Lock,2904TH,level,Stage,http://environment.data.gov.uk/flood-monitoring/def/core/datumASD,900,mASD,instantaneous,0.482,3
2024-01-05T05:15:00Z,2024-01-05,http://environment.data.gov.uk/flood-monitoring/id/measures/2904TH-level-stage-i-15_min-mASD,http://environment.data.gov.uk/flood-monitoring/id/stations/2904TH,Shepperton Lock,2904TH,level,Stage,http://environment.data.gov.uk/flood-monitoring/def/core/datumASD,900,mASD,instantaneous,0.472,3
2024-01-05T05:30:00Z,2024-01-05,http://environment.data.gov.uk/flood-monitoring/id/measures/2904TH-level-stage-i-15_min-mASD,http://environment.data.gov.uk/flood-monitoring/id/stations/2904TH,Shepperton Lock,2904TH,level,Stage,http://environment.data.gov.uk/flood-monitoring/def/core/datumASD,900,mASD,instantaneous,0.485,3
2024-01-05T05:45:00Z,2024-01-05,http://environment.data.gov.uk/flood-monitoring/id/measures/2904TH-level-stage-i-15_min-mASD,http://environment.data.gov.uk/flood-monitoring/id/stations/2904TH,Shepperton Lock,2904TH,level,Stage,http://environment.data.gov.uk/flood-monitoring/def/core/datumASD,900,mASD,instantaneous,0.494,3
2024-01-05T06:00:00Z,2024-01-05,http://environment.data.gov.uk/flood-monitoring/id/measures/2904TH-level-stage-i-15_min-mASD,http://environment.data.gov.uk/flood-monitoring/id/stations/2904TH,Shepperton Lock,2904TH,level,Stage,http://environment.data.gov.uk/flood-monitoring/def/core/datumASD,900,mASD,instantaneous,0.492,3
2024-01-05T06:15:00Z,2024-01-05,http://environment.data.gov.uk/flood-monitoring/id/measures/2904TH-level-stage-i-15_min-mASD,http://environment.data.gov.uk/flood-monitoring/id/stations/2904TH,Shepperton Lock,2904TH,level,Stage,http://environment.data.gov.uk/flood-monitoring/def/core/datumASD,900,mASD,instantaneous,0.493,3
2024-01-05T06:30:00Z,2024-01-05,http://environment.data.gov.uk/flood-monitoring/id/measures/2904TH-level-stage-i-15_min-mASD,http://environment.data.gov.uk/flood-monitoring/id/stations/2904TH,Shepperton Lock,2904TH,level,Stage,http://environment.data.gov.uk/flood-monitoring/def/core/datumASD,900,mASD,instantaneous,0.491,3
2024-01-05T06:45:00Z,2024-01-05,http://environment.data.gov.uk/flood-monitoring/id/measures/2904TH-level-stage-i-15_min-mASD,http://environment.data.gov.uk/flood-monitoring/id/stations/2904TH,Shepperton Lock,2904TH,level,Stage,http://environment.data.gov.uk/flood-monitoring/def/core/datumASD,900,mASD,instantaneous,0.506,3
2024-01-05T07:00:00Z,2024-01-05,http://environment.data.gov.uk/flood-monitoring/id/measures/2904TH-level-stage-i-15_min-mASD,http://environment.data.gov.uk/flood-monitoring/id/stations/2904TH,Shepperton Lock,2904TH,level,Stage,http://environment.data.gov.uk/flood-monitoring/def/core/datumASD,900,mASD,instantaneous,0.506,3
2024-01-05T07:15:00Z,2024-01-05,http://environment.data.gov.uk/flood-monitoring/id/measures/2904TH-level-stage-i-15_min-mASD,http://environment.data.gov.uk/flood-monitoring/id/stations/2904TH,Shepperton Lock,2904TH,level,Stage,http://environment.data.gov.uk/flood-monitoring/def/core/datumASD,900,mASD,instantaneous,0.486,3
2024-01-05T07:30:00Z,2024-01-05,http://environment.data.gov.uk/flood-monitoring/id/measures/2904TH-level-stage-i-15_min-mASD,http://environment.data.gov.uk/flood-monitoring/id/stations/2904TH,Shepperton Lock,2904TH,level,Stage,http://environment.data.gov.uk/flood-monitoring/def/core/datumASD,900,mASD,instantaneous,0.504,3
2024-01-05T07:45:00Z,2024-01-05,http://environment.data.gov.uk/flood-monitoring/id/measures/2904TH-level-stage-i-15_min-mASD,http://environment.data.gov.uk/flood-monitoring/id/stations/2904TH,Shepperton Lock,2904TH,level,Stage,http://environment.data.gov.uk/flood-monitoring/def/core/datumASD,900,mASD,instantaneous,0.529,3
2024-01-05T08:00:00Z,2024-01-05,http://environment.data.gov.uk/flood-monitoring/id/measures/2904TH-level-stage-i-15_min-mASD,http://environment.data.gov.uk/flood-monitoring/id/stations/2904TH,Shepperton Lock,2904TH,level,Stage,http://environment.data.gov.uk/flood-monitoring/def/core/datumASD,900,mASD,instantaneous,0.524,3
2024-01-05T08:15:00Z,2024-01-05,http://environment.data.gov.uk/flood-monitoring/id/measures/2904TH-level-stage-i-15_min-mASD,http://environment.data.gov.uk/flood-monitoring/id/stations/2904TH,Shepperton Lock,2904TH,level,Stage,http://environment.data.gov.uk/flood-monitoring/def/core/datumASD,900,mASD,instantaneous,0.517,3
2024-01-05T08:30:00Z,2024-01-05,http://environment.data.gov.uk/flood-monitoring/id/measures/2904TH-level-stage-i-15_min-mASD,http://environment.data.gov.uk/flood-monitoring/id/stations/2904TH,Shepperton Lock,2904TH,level,Stage,http://environment.data.gov.uk/flood-monitoring/def/core/datumASD,900,mASD,instantaneous,0.519,2
2024-01-05T08:45:00Z,2024-01-05,http://environment.data.gov.uk/flood-monitoring/id/measures/2904TH-level-stage-i-15_min-mASD,http://environment.data.gov.uk/flood-monitoring/id/stations/2904TH,Shepperton Lock,2904TH,level,Stage,http://environment.data.gov.uk/flood-monitoring/def/core/datumASD,900,mASD,instantaneous,0.524,2
2024-01-05T09:00:00Z,2024-01-05,http://environment.data.gov.uk/flood-monitoring/id/measures/2904TH-level-stage-i-15_min-mASD,http://environment.data.gov.uk/flood-monitoring/id/stations/2904TH,Shepperton Lock,2904TH,level,Stage,http://environment.data.gov.uk/flood-monitoring/def/core/datumASD,900,mASD,instantaneous,0.528,2
2024-01-05T09:15:00Z,2024-01-05,http://environment.data.gov.uk/flood-monitoring/id/measures/2904TH-level-stage-i-15_min-mASD,http://environment.data.gov.uk/flood-monitoring/id/stations/2904TH,Shepperton Lock,2904TH,level,Stage,http://environment.data.gov.uk/flood-monitoring/def/core/datumASD,900,mASD,instantaneous,0.508,2
2024-01-05T09:30:00Z,2024-01-05,http://environment.data.gov.uk/flood-monitoring/id/measures/2904TH-level-stage-i-15_min-mASD,http://environment.data.gov.uk/flood-monitoring/id/stations/2904TH,Shepperton Lock,2904TH,level,Stage,http://environment.data.gov.uk/flood-monitoring/def/core/datumASD,900,mASD,instantaneous,0.523,2
2024-01-05T09:45:00Z,2024-01-05,http://environment.data.gov.uk/flood-monitoring/id/measures/2904TH-level-stage-i-15_min-mASD,http://environment.data.gov.uk/flood-monitoring/id/stations/2904TH,Shepperton Lock,2904TH,level,Stage,http://environment.data.gov.uk/flood-monitoring/def/core/datumASD,900,mASD,instantaneous,0.514,2
2024-01-05T10:00:00Z,2024-01-05,http://environment.data.gov.uk/flood-monitoring/id/measures/2904TH-level-stage-i-15_min-mASD,http://environment.data.gov.uk/flood-monitoring/id/stations/2904TH,Shepperton Lock,2904TH,level,Stage,http://environment.data.gov.uk/flood-monitoring/def/core/datumASD,900,mASD,instantaneous,0.529,2
2024-01-05T10:15:00Z,2024-01-05,http://environment.data.gov.uk/flood-monitoring/id/measures/2904TH-level-stage-i-15_min-mASD,http://environment.data.gov.uk/flood-monitoring/id/stations/2904TH,Shepperton Lock,2904TH,level,Stage,http://environment.data.gov.uk/flood-monitoring/def/core/datumASD,900,mASD,instantaneous,0.516,2
2024-01-05T10:30:00Z,2024-01-05,http://environment.data.gov.uk/flood-monitoring/id/measures/2904TH-level-stage-i-15_min-mASD,http://environment.data.gov.uk/flood-monitoring/id/stations/2904TH,Shepperton Lock,2904TH,level,Stage,http://environment.data.gov.uk/flood-monitoring/def/core/datumASD,900,mASD,instantaneous,0.526,2
2024-01-05T10:45:00Z,2024-01-05,http://environment.data.gov.uk/flood-monitoring/id/measures/2904TH-level-stage-i-15_min-mASD,http://environment.data.gov.uk/flood-monitoring/id/stations/2904TH,Shepperton Lock,2904TH,level,Stage,http://environment.data.gov.uk/flood-monitoring/def/core/datumASD,900,mASD,instantaneous,0.534,2
2024-01-05T11:00:00Z,2024-01-05,http://environment.data.gov.uk/flood-monitoring/id/measures/2904TH-level-stage-i-15_min-mASD,http://environment.data.gov.uk/flood-monitoring/id/stations/2904TH,Shepperton Lock,2904TH,level,Stage,http://environment.data.gov.uk/flood-monitoring/def/core/datumASD,900,mASD,instantaneous,0.518,2
2024-01-05T11:15:00Z,2024-01-05,http://environment.data.gov.uk/flood-monitoring/id/measures/2904TH-level-stage-i-15_min-mASD,http://environment.data.gov.uk/flood-monitoring/id/stations/2904TH,Shepperton Lock,2904TH,level,Stage,http://environment.data.gov.uk/flood-monitoring/def/core/datumASD,900,mASD,instantaneous,0.52,2
2024-01-05T11:30:00Z,2024-01-05,http://environment.data.gov.uk/flood-monitoring/id/measures/2904TH-level-stage-i-15_min-mASD,http://environment.data.gov.uk/flood-monitoring/id/stations/2904TH,Shepperton Lock,2904TH,level,Stage,http://environment.data.gov.uk/flood-monitoring/def/core/datumASD,900,mASD,instantaneous,0.524,2
2024-01-05T11:45:00Z,2024-01-05,http://environment.data.gov.uk/flood-monitoring/id/measures/2904TH-level-stage-i-15_min-mASD,http://environment.data.gov.uk/flood-monitoring/id/stations/2904TH,Shepperton Lock,2904TH,level,Stage,http://environment.data.gov.uk/flood-monitoring/def/core/datumASD,900,mASD,instantaneous,0.517,2
2024-01-05T12:00:00Z,2024-01-05,http://environment.data.gov.uk/flood-monitoring/id/measures/2904TH-level-stage-i-15_min-mASD,http://environment.data.gov.uk/flood-monitoring/id/stations/2904TH,Shepperton Lock,2904TH,level,Stage,http://environment.data.gov.uk/flood-monitoring/def/core/datumASD,900,mASD,instantaneous,0.527,2
2024-01-05T12:15:00Z,2024-01-05,http://environment.data.gov.uk/flood-monitoring/id/measures/2904TH-level-stage-i-15_min-mASD,http://environment.data.gov.uk/flood-monitoring/id/stations/2904TH,Shepperton Lock,2904TH,level,Stage,http://environment.data.gov.uk/flood-monitoring/def/core/datumASD,900,mASD,instantaneous,0.52,2
2024-01-05T12:30:00Z,2024-01-05,http://environment.data.gov.uk/flood-monitoring/id/measures/2904TH-level-stage-i-15_min-mASD,http://environment.data.gov.uk/flood-monitoring/id/stations/2904TH,Shepperton Lock,2904TH,level,Stage,http://environment.data.gov.uk/flood-monitoring/def/core/datumASD,900,mASD,instantaneous,0.53,2
2024-01-05T12:45:00Z,2024-01-05,http://environment.data.gov.uk/flood-monitoring/id/measures/2904TH-level-stage-i-15_min-mASD,http://environment.data.gov.uk/flood-monitoring/id/stations/2904TH,Shepperton Lock,2904TH,level,Stage,http://environment.data.gov.uk/flood-monitoring/def/core/datumASD,900,mASD,instantaneous,0.539,2
2024-01-05T13:00:00Z,2024-01-05,http://environment.data.gov.uk/flood-monitoring/id/measures/2904TH-level-stage-i-15_min-mASD,http://environment.data.gov.uk/flood-monitoring/id/stations/2904TH,Shepperton Lock,2904TH,level,Stage,http://environment.data.gov.uk/flood-monitoring/def/core/datumASD,900,mASD,instantaneous,0.524,2
2024-01-05T13:15:00Z,2024-01-05,http://environment.data.gov.uk/flood-monitoring/id/measures/2904TH-level-stage-i-15_min-mASD,http://environment.data.gov.uk/flood-monitoring/id/stations/2904TH,Shepperton Lock,2904TH,level,Stage,http://environment.data.gov.uk/flood-monitoring/def/core/datumASD,900,mASD,instantaneous,0.523,2
2024-01-05T13:30:00Z,2024-01-05,http://environment.data.gov.uk/flood-monitoring/id/measures/2904TH-level-stage-i-15_min-mASD,http://environment.data.gov.uk/flood-monitoring/id/stations/2904TH,Shepperton Lock,2904TH,level,Stage,http://environment.data.gov.uk/flood-monitoring/def/core/datumASD,900,mASD,instantaneous,0.535,2
2024-01-05T13:45:00Z,2024-01-05,http://environment.data.gov.uk/flood-monitoring/id/measures/2904TH-level-stage-i-15_min-mASD,http://environment.data.gov.uk/flood-monitoring/id/stations/2904TH,Shepperton Lock,2904TH,level,Stage,http://environment.data.gov.uk/flood-monitoring/def/core/datumASD,900,mASD,instantaneous,0.538,2
2024-01-05T14:00:00Z,2024-01-05,http://environment.data.gov.uk/flood-monitoring/id/measures/2904TH-level-stage-i-15_min-mASD,http://environment.data.gov.uk/flood-monitoring/id/stations/2904TH,Shepperton Lock,2904TH,level,Stage,http://environment.data.gov.uk/flood-monitoring/def/core/datumASD,900,mASD,instantaneous,0.535,2
2024-01-05T14:15:00Z,2024-01-05,http://environment.data.gov.uk/flood-monitoring/id/measures/2904TH-level-stage-i-15_min-mASD,http://environment.data.gov.uk/flood-monitoring/id/stations/2904TH,Shepperton Lock,2904TH,level,Stage,http://environment.data.gov.uk/flood-monitoring/def/core/datumASD,900,mASD,instantaneous,0.539,2
2024-01-05T14:45:00Z,2024-01-05,http://environment.data.gov.uk/flood-monitoring/id/measures/2904TH-level-stage-i-15_min-mASD,http://environment.data.gov.uk/flood-monitoring/id/stations/2904TH,Shepperton Lock,2904TH,level,Stage,http://environment.data.gov.uk/flood-monitoring/def/core/datumASD,900,mASD,instantaneous,0.552,2
2024-01-05T14:30:00Z,2024-01-05,http://environment.data.gov.uk/flood-monitoring/id/measures/2904TH-level-stage-i-15_min-mASD,http://environment.data.gov.uk/flood-monitoring/id/stations/2904TH,Shepperton Lock,2904TH,level,Stage,http://environment.data.gov.uk/flood-monitoring/def/core/datumASD,900,mASD,instantaneous,0.543,2
2024-01-05T15:00:00Z,2024-01-05,http://environment.data.gov.uk/flood-monitoring/id/measures/2904TH-level-stage-i-15_min-mASD,http://environment.data.gov.uk/flood-monitoring/id/stations/2904TH,Shepperton Lock,2904TH,level,Stage,http://environment.data.gov.uk/flood-monitoring/def/core/datumASD,900,mASD,instantaneous,0.542,2
2024-01-05T15:15:00Z,2024-01-05,http://environment.data.gov.uk/flood-monitoring/id/measures/2904TH-level-stage-i-15_min-mASD,http://environment.data.gov.uk/flood-monitoring/id/stations/2904TH,Shepperton Lock,2904TH,level,Stage,http://environment.data.gov.uk/flood-monitoring/def/core/datumASD,900,mASD,instantaneous,0.552,2
2024-01-05T15:30:00Z,2024-01-05,http://environment.data.gov.uk/flood-monitoring/id/measures/2904TH-level-stage-i-15_min-mASD,http://environment.data.gov.uk/flood-monitoring/id/stations/2904TH,Shepperton Lock,2904TH,level,Stage,http://environment.data.gov.uk/flood-monitoring/def/core/datumASD,900,mASD,instantaneous,0.56,2
2024-01-05T15:45:00Z,2024-01-05,http://environment.data.gov.uk/flood-monitoring/id/measures/2904TH-level-stage-i-15_min-mASD,http://environment.data.gov.uk/flood-monitoring/id/stations/2904TH,Shepperton Lock,2904TH,level,Stage,http://environment.data.gov.uk/flood-monitoring/def/core/datumASD,900,mASD,instantaneous,0.555,2
2024-01-05T16:00:00Z,2024-01-05,http://environment.data.gov.uk/flood-monitoring/id/measures/2904TH-level-stage-i-15_min-mASD,http://environment.data.gov.uk/flood-monitoring/id/stations/2904TH,Shepperton Lock,2904TH,level,Stage,http://environment.data.gov.uk/flood-monitoring/def/core/datumASD,900,mASD,instantaneous,0.563,2
2024-01-05T16:15:00Z,2024-01-05,http://environment.data.gov.uk/flood-monitoring/id/measures/2904TH-level-stage-i-15_min-mASD,http://environment.data.gov.uk/flood-monitoring/id/stations/2904TH,Shepperton Lock,2904TH,level,Stage,http://environment.data.gov.uk/flood-monitoring/def/core/datumASD,900,mASD,instantaneous,0.547,2
2024-01-05T16:30:00Z,2024-01-05,http://environment.data.gov.uk/flood-monitoring/id/measures/2904TH-level-stage-i-15_min-mASD,http://environment.data.gov.uk/flood-monitoring/id/stations/2904TH,Shepperton Lock,2904TH,level,Stage,http://environment.data.gov.uk/flood-monitoring/def/core/datumASD,900,mASD,instantaneous,0.56,2
2024-01-05T16:45:00Z,2024-01-05,http://environment.data.gov.uk/flood-monitoring/id/measures/2904TH-level-stage-i-15_min-mASD,http://environment.data.gov.uk/flood-monitoring/id/stations/2904TH,Shepperton Lock,2904TH,level,Stage,http://environment.data.gov.uk/flood-monitoring/def/core/datumASD,900,mASD,instantaneous,0.568,2
2024-01-05T17:00:00Z,2024-01-05,http://environment.data.gov.uk/flood-monitoring/id/measures/2904TH-level-stage-i-15_min-mASD,http://environment.data.gov.uk/flood-monitoring/id/stations/2904TH,Shepperton Lock,2904TH,level,Stage,http://environment.data.gov.uk/flood-monitoring/def/core/datumASD,900,mASD,instantaneous,0.589,2
2024-01-05T17:15:00Z,2024-01-05,http://environment.data.gov.uk/flood-monitoring/id/measures/2904TH-level-stage-i-15_min-mASD,http://environment.data.gov.uk/flood-monitoring/id/stations/2904TH,Shepperton Lock,2904TH,level,Stage,http://environment.data.gov.uk/flood-monitoring/def/core/datumASD,900,mASD,instantaneous,0.586,2
2024-01-05T17:30:00Z,2024-01-05,http://environment.data.gov.uk/flood-monitoring/id/measures/2904TH-level-stage-i-15_min-mASD,http://environment.data.gov.uk/flood-monitoring/id/stations/2904TH,Shepperton Lock,2904TH,level,Stage,http://environment.data.gov.uk/flood-monitoring/def/core/datumASD,900,mASD,instantaneous,0.595,2
2024-01-05T17:45:00Z,2024-01-05,http://environment.data.gov.uk/flood-monitoring/id/measures/2904TH-level-stage-i-15_min-mASD,http://environment.data.gov.uk/flood-monitoring/id/stations/2904TH,Shepperton Lock,2904TH,level,Stage,http://environment.data.gov.uk/flood-monitoring/def/core/datumASD,900,mASD,instantaneous,0.574,2
2024-01-05T18:00:00Z,2024-01-05,http://environment.data.gov.uk/flood-monitoring/id/measures/2904TH-level-stage-i-15_min-mASD,http://environment.data.gov.uk/flood-monitoring/id/stations/2904TH,Shepperton Lock,2904TH,level,Stage,http://environment.data.gov.uk/flood-monitoring/def/core/datumASD,900,mASD,instantaneous,0.581,2
2024-01-05T18:15:00Z,2024-01-05,http://environment.data.gov.uk/flood-monitoring/id/measures/2904TH-level-stage-i-15_min-mASD,http://environment.data.gov.uk/flood-monitoring/id/stations/2904TH,Shepperton Lock,2904TH,level,Stage,http://environment.data.gov.uk/flood-monitoring/def/core/datumASD,900,mASD,instantaneous,0.553,2
2024-01-05T18:30:00Z,2024-01-05,http://environment.data.gov.uk/flood-monitoring/id/measures/2904TH-level-stage-i-15_min-mASD,http://environment.data.gov.uk/flood-monitoring/id/stations/2904TH,Shepperton Lock,2904TH,level,Stage,http://environment.data.gov.uk/flood-monitoring/def/core/datumASD,900,mASD,instantaneous,0.555,2
2024-01-05T18:45:00Z,2024-01-05,http://environment.data.gov.uk/flood-monitoring/id/measures/2904TH-level-stage-i-15_min-mASD,http://environment.data.gov.uk/flood-monitoring/id/stations/2904TH,Shepperton Lock,2904TH,level,Stage,http://environment.data.gov.uk/flood-monitoring/def/core/datumASD,900,mASD,instantaneous,0.555,2
2024-01-05T19:00:00Z,2024-01-05,http://environment.data.gov.uk/flood-monitoring/id/measures/2904TH-level-stage-i-15_min-mASD,http://environment.data.gov.uk/flood-monitoring/id/stations/2904TH,Shepperton Lock,2904TH,level,Stage,http://environment.data.gov.uk/flood-monitoring/def/core/datumASD,900,mASD,instantaneous,0.557,2
2024-01-05T19:15:00Z,2024-01-05,http://environment.data.gov.uk/flood-monitoring/id/measures/2904TH-level-stage-i-15_min-mASD,http://environment.data.gov.uk/flood-monitoring/id/stations/2904TH,Shepperton Lock,2904TH,level,Stage,http://environment.data.gov.uk/flood-monitoring/def/core/datumASD,900,mASD,instantaneous,0.579,2
2024-01-05T19:30:00Z,2024-01-05,http://environment.data.gov.uk/flood-monitoring/id/measures/2904TH-level-stage-i-15_min-mASD,http://environment.data.gov.uk/flood-monitoring/id/stations/2904TH,Shepperton Lock,2904TH,level,Stage,http://environment.data.gov.uk/flood-monitoring/def/core/datumASD,900,mASD,instantaneous,0.568,2
2024-01-05T19:45:00Z,2024-01-05,http://environment.data.gov.uk/flood-monitoring/id/measures/2904TH-level-stage-i-15_min-mASD,http://environment.data.gov.uk/flood-monitoring/id/stations/2904TH,Shepperton Lock,2904TH,level,Stage,http://environment.data.gov.uk/flood-monitoring/def/core/datumASD,900,mASD,instantaneous,0.595,2
2024-01-05T20:00:00Z,2024-01-05,http://environment.data.gov.uk/flood-monitoring/id/measures/2904TH-level-stage-i-15_min-mASD,http://environment.data.gov.uk/flood-monitoring/id/stations/2904TH,Shepperton Lock,2904TH,level,Stage,http://environment.data.gov.uk/flood-monitoring/def/core/datumASD,900,mASD,instantaneous,0.595,2
2024-01-05T20:15:00Z,2024-01-05,http://environment.data.gov.uk/flood-monitoring/id/measures/2904TH-level-stage-i-15_min-mASD,http://environment.data.gov.uk/flood-monitoring/id/stations/2904TH,Shepperton Lock,2904TH,level,Stage,http://environment.data.gov.uk/flood-monitoring/def/core/datumASD,900,mASD,instantaneous,0.563,2
2024-01-05T20:30:00Z,2024-01-05,http://environment.data.gov.uk/flood-monitoring/id/measures/2904TH-level-stage-i-15_min-mASD,http://environment.data.gov.uk/flood-monitoring/id/stations/2904TH,Shepperton Lock,2904TH,level,Stage,http://environment.data.gov.uk/flood-monitoring/def/core/datumASD,900,mASD,instantaneous,0.598,2
2024-01-05T20:45:00Z,2024-01-05,http://environment.data.gov.uk/flood-monitoring/id/measures/2904TH-level-stage-i-15_min-mASD,http://environment.data.gov.uk/flood-monitoring/id/stations/2904TH,Shepperton Lock,2904TH,level,Stage,http://environment.data.gov.uk/flood-monitoring/def/core/datumASD,900,mASD,instantaneous,0.572,2
2024-01-05T21:00:00Z,2024-01-05,http://environment.data.gov.uk/flood-monitoring/id/measures/2904TH-level-stage-i-15_min-mASD,http://environment.data.gov.uk/flood-monitoring/id/stations/2904TH,Shepperton Lock,2904TH,level,Stage,http://environment.data.gov.uk/flood-monitoring/def/core/datumASD,900,mASD,instantaneous,0.617,2
2024-01-05T21:15:00Z,2024-01-05,http://environment.data.gov.uk/flood-monitoring/id/measures/2904TH-level-stage-i-15_min-mASD,http://environment.data.gov.uk/flood-monitoring/id/stations/2904TH,Shepperton Lock,2904TH,level,Stage,http://environment.data.gov.uk/flood-monitoring/def/core/datumASD,900,mASD,instantaneous,0.607,2
2024-01-05T21:30:00Z,2024-01-05,http://environment.data.gov.uk/flood-monitoring/id/measures/2904TH-level-stage-i-15_min-mASD,http://environment.data.gov.uk/flood-monitoring/id/stations/2904TH,Shepperton Lock,2904TH,level,Stage,http://environment.data.gov.uk/flood-monitoring/def/core/datumASD,900,mASD,instantaneous,0.594,2
2024-01-05T22:30:00Z,2024-01-05,http://environment.data.gov.uk/flood-monitoring/id/measures/2904TH-level-stage-i-15_min-mASD,http://environment.data.gov.uk/flood-monitoring/id/stations/2904TH,Shepperton Lock,2904TH,level,Stage,http://environment.data.gov.uk/flood-monitoring/def/core/datumASD,900,mASD,instantaneous,0.577,2
2024-01-05T21:45:00Z,2024-01-05,http://environment.data.gov.uk/flood-monitoring/id/measures/2904TH-level-stage-i-15_min-mASD,http://environment.data.gov.uk/flood-monitoring/id/stations/2904TH,Shepperton Lock,2904TH,level,Stage,http://environment.data.gov.uk/flood-monitoring/def/core/datumASD,900,mASD,instantaneous,0.599,2
2024-01-05T22:00:00Z,2024-01-05,http://environment.data.gov.uk/flood-monitoring/id/measures/2904TH-level-stage-i-15_min-mASD,http://environment.data.gov.uk/flood-monitoring/id/stations/2904TH,Shepperton Lock,2904TH,level,Stage,http://environment.data.gov.uk/flood-monitoring/def/core/datumASD,900,mASD,instantaneous,0.607,2
2024-01-05T22:15:00Z,2024-01-05,http://environment.data.gov.uk/flood-monitoring/id/measures/2904TH-level-stage-i-15_min-mASD,http://environment.data.gov.uk/flood-monitoring/id/stations/2904TH,Shepperton Lock,2904TH,level,Stage,http://environment.data.gov.uk/flood-monitoring/def/core/datumASD,900,mASD,instantaneous,0.589,2
2024-01-05T22:45:00Z,2024-01-05,http://environment.data.gov.uk/flood-monitoring/id/measures/2904TH-level-stage-i-15_min-mASD,http://environment.data.gov.uk/flood-monitoring/id/stations/2904TH,Shepperton Lock,2904TH,level,Stage,http://environment.data.gov.uk/flood-monitoring/def/core/datumASD,900,mASD,instantaneous,0.58,2
2024-01-05T23:00:00Z,2024-01-05,http://environment.data.gov.uk/flood-monitoring/id/measures/2904TH-level-stage-i-15_min-mASD,http://environment.data.gov.uk/flood-monitoring/id/stations/2904TH,Shepperton Lock,2904TH,level,Stage,http://environment.data.gov.uk/flood-monitoring/def/core/datumASD,900,mASD,instantaneous,0.588,2
2024-01-05T23:15:00Z,2024-01-05,http://environment.data.gov.uk/flood-monitoring/id/measures/2904TH-level-stage-i-15_min-mASD,http://environment.data.gov.uk/flood-monitoring/id/stations/2904TH,Shepperton Lock,2904TH,level,Stage,http://environment.data.gov.uk/flood-monitoring/def/core/datumASD,900,mASD,instantaneous,0.596,2
2024-01-05T23:30:00Z,2024-01-05,http://environment.data.gov.uk/flood-monitoring/id/measures/2904TH-level-stage-i-15_min-mASD,http://environment.data.gov.uk/flood-monitoring/id/stations/2904TH,Shepperton Lock,2904TH,level,Stage,http://environment.data.gov.uk/flood-monitoring/def/core/datumASD,900,mASD,instantaneous,0.593,2
2024-01-05T23:45:00Z,2024-01-05,http://environment.data.gov.uk/flood-monitoring/id/measures/2904TH-level-stage-i-15_min-mASD,http://environment.data.gov.uk/flood-monitoring/id/stations/2904TH,Shepperton Lock,2904TH,level,Stage,http://environment.data.gov.uk/flood-monitoring/def/core/datumASD,900,mASD,instantaneous,0.618,2
2024-01-06T00:00:00Z,2024-01-06,http://environment.data.gov.uk/flood-monitoring/id/measures/2904TH-level-stage-i-15_min-mASD,http://environment.data.gov.uk/flood-monitoring/id/stations/2904TH,Shepperton Lock,2904TH,level,Stage,http://environment.data.gov.uk/flood-monitoring/def/core/datumASD,900,mASD,instantaneous,0.615,2
2024-01-06T00:15:00Z,2024-01-06,http://environment.data.gov.uk/flood-monitoring/id/measures/2904TH-level-stage-i-15_min-mASD,http://environment.data.gov.uk/flood-monitoring/id/stations/2904TH,Shepperton Lock,2904TH,level,Stage,http://environment.data.gov.uk/flood-monitoring/def/core/datumASD,900,mASD,instantaneous,0.635,2
2024-01-06T00:30:00Z,2024-01-06,http://environment.data.gov.uk/flood-monitoring/id/measures/2904TH-level-stage-i-15_min-mASD,http://environment.data.gov.uk/flood-monitoring/id/stations/2904TH,Shepperton Lock,2904TH,level,Stage,http://environment.data.gov.uk/flood-monitoring/def/core/datumASD,900,mASD,instantaneous,0.622,2
2024-01-06T00:45:00Z,2024-01-06,http://environment.data.gov.uk/flood-monitoring/id/measures/2904TH-level-stage-i-15_min-mASD,http://environment.data.gov.uk/flood-monitoring/id/stations/2904TH,Shepperton Lock,2904TH,level,Stage,http://environment.data.gov.uk/flood-monitoring/def/core/datumASD,900,mASD,instantaneous,0.626,2
2024-01-06T01:00:00Z,2024-01-06,http://environment.data.gov.uk/flood-monitoring/id/measures/2904TH-level-stage-i-15_min-mASD,http://environment.data.gov.uk/flood-monitoring/id/stations/2904TH,Shepperton Lock,2904TH,level,Stage,http://environment.data.gov.uk/flood-monitoring/def/core/datumASD,900,mASD,instantaneous,0.618,2
2024-01-06T01:15:00Z,2024-01-06,http://environment.data.gov.uk/flood-monitoring/id/measures/2904TH-level-stage-i-15_min-mASD,http://environment.data.gov.uk/flood-monitoring/id/stations/2904TH,Shepperton Lock,2904TH,level,Stage,http://environment.data.gov.uk/flood-monitoring/def/core/datumASD,900,mASD,instantaneous,0.639,2
2024-01-06T01:30:00Z,2024-01-06,http://environment.data.gov.uk/flood-monitoring/id/measures/2904TH-level-stage-i-15_min-mASD,http://environment.data.gov.uk/flood-monitoring/id/stations/2904TH,Shepperton Lock,2904TH,level,Stage,http://environment.data.gov.uk/flood-monitoring/def/core/datumASD,900,mASD,instantaneous,0.62,2
2024-01-06T01:45:00Z,2024-01-06,http://environment.data.gov.uk/flood-monitoring/id/measures/2904TH-level-stage-i-15_min-mASD,http://environment.data.gov.uk/flood-monitoring/id/stations/2904TH,Shepperton Lock,2904TH,level,Stage,http://environment.data.gov.uk/flood-monitoring/def/core/datumASD,900,mASD,instantaneous,0.641,2
2024-01-06T02:00:00Z,2024-01-06,http://environment.data.gov.uk/flood-monitoring/id/measures/2904TH-level-stage-i-15_min-mASD,http://environment.data.gov.uk/flood-monitoring/id/stations/2904TH,Shepperton Lock,2904TH,level,Stage,http://environment.data.gov.uk/flood-monitoring/def/core/datumASD,900,mASD,instantaneous,0.62,2
2024-01-06T02:15:00Z,2024-01-06,http://environment.data.gov.uk/flood-monitoring/id/measures/2904TH-level-stage-i-15_min-mASD,http://environment.data.gov.uk/flood-monitoring/id/stations/2904TH,Shepperton Lock,2904TH,level,Stage,http://environment.data.gov.uk/flood-monitoring/def/core/datumASD,900,mASD,instantaneous,0.619,2
2024-01-06T02:30:00Z,2024-01-06,http://environment.data.gov.uk/flood-monitoring/id/measures/2904TH-level-stage-i-15_min-mASD,http://environment.data.gov.uk/flood-monitoring/id/stations/2904TH,Shepperton Lock,2904TH,level,Stage,http://environment.data.gov.uk/flood-monitoring/def/core/datumASD,900,mASD,instantaneous,0.619,2
2024-01-06T02:45:00Z,2024-01-06,http://environment.data.gov.uk/flood-monitoring/id/measures/2904TH-level-stage-i-15_min-mASD,http://environment.data.gov.uk/flood-monitoring/id/stations/2904TH,Shepperton Lock,2904TH,level,Stage,http://environment.data.gov.uk/flood-monitoring/def/core/datumASD,900,mASD,instantaneous,0.61,2
2024-01-06T03:00:00Z,2024-01-06,http://environment.data.gov.uk/flood-monitoring/id/measures/2904TH-level-stage-i-15_min-mASD,http://environment.data.gov.uk/flood-monitoring/id/stations/2904TH,Shepperton Lock,2904TH,level,Stage,http://environment.data.gov.uk/flood-monitoring/def/core/datumASD,900,mASD,instantaneous,0.632,2
2024-01-06T03:15:00Z,2024-01-06,http://environment.data.gov.uk/flood-monitoring/id/measures/2904TH-level-stage-i-15_min-mASD,http://environment.data.gov.uk/flood-monitoring/id/stations/2904TH,Shepperton Lock,2904TH,level,Stage,http://environment.data.gov.uk/flood-monitoring/def/core/datumASD,900,mASD,instantaneous,0.64,2
2024-01-06T03:30:00Z,2024-01-06,http://environment.data.gov.uk/flood-monitoring/id/measures/2904TH-level-stage-i-15_min-mASD,http://environment.data.gov.uk/flood-monitoring/id/stations/2904TH,Shepperton Lock,2904TH,level,Stage,http://environment.data.gov.uk/flood-monitoring/def/core/datumASD,900,mASD,instantaneous,0.634,2
2024-01-06T03:45:00Z,2024-01-06,http://environment.data.gov.uk/flood-monitoring/id/measures/2904TH-level-stage-i-15_min-mASD,http://environment.data.gov.uk/flood-monitoring/id/stations/2904TH,Shepperton Lock,2904TH,level,Stage,http://environment.data.gov.uk/flood-monitoring/def/core/datumASD,900,mASD,instantaneous,0.613,2
2024-01-06T04:00:00Z,2024-01-06,http://environment.data.gov.uk/flood-monitoring/id/measures/2904TH-level-stage-i-15_min-mASD,http://environment.data.gov.uk/flood-monitoring/id/stations/2904TH,Shepperton Lock,2904TH,level,Stage,http://environment.data.gov.uk/flood-monitoring/def/core/datumASD,900,mASD,instantaneous,0.608,2
2024-01-06T04:15:00Z,2024-01-06,http://environment.data.gov.uk/flood-monitoring/id/measures/2904TH-level-stage-i-15_min-mASD,http://environment.data.gov.uk/flood-monitoring/id/stations/2904TH,Shepperton Lock,2904TH,level,Stage,http://environment.data.gov.uk/flood-monitoring/def/core/datumASD,900,mASD,instantaneous,0.615,2
2024-01-06T04:30:00Z,2024-01-06,http://environment.data.gov.uk/flood-monitoring/id/measures/2904TH-level-stage-i-15_min-mASD,http://environment.data.gov.uk/flood-monitoring/id/stations/2904TH,Shepperton Lock,2904TH,level,Stage,http://environment.data.gov.uk/flood-monitoring/def/core/datumASD,900,mASD,instantaneous,0.609,2
2024-01-06T04:45:00Z,2024-01-06,http://environment.data.gov.uk/flood-monitoring/id/measures/2904TH-level-stage-i-15_min-mASD,http://environment.data.gov.uk/flood-monitoring/id/stations/2904TH,Shepperton Lock,2904TH,level,Stage,http://environment.data.gov.uk/flood-monitoring/def/core/datumASD,900,mASD,instantaneous,0.626,2
2024-01-06T05:00:00Z,2024-01-06,http://environment.data.gov.uk/flood-monitoring/id/measures/2904TH-level-stage-i-15_min-mASD,http://environment.data.gov.uk/flood-monitoring/id/stations/2904TH,Shepperton Lock,2904TH,level,Stage,http://environment.data.gov.uk/flood-monitoring/def/core/datumASD,900,mASD,instantaneous,0.631,2
2024-01-06T05:15:00Z,2024-01-06,http://environment.data.gov.uk/flood-monitoring/id/measures/2904TH-level-stage-i-15_min-mASD,http://environment.data.gov.uk/flood-monitoring/id/stations/2904TH,Shepperton Lock,2904TH,level,Stage,http://environment.data.gov.uk/flood-monitoring/def/core/datumASD,900,mASD,instantaneous,0.602,2
2024-01-06T05:30:00Z,2024-01-06,http://environment.data.gov.uk/flood-monitoring/id/measures/2904TH-level-stage-i-15_min-mASD,http://environment.data.gov.uk/flood-monitoring/id/stations/2904TH,Shepperton Lock,2904TH,level,Stage,http://environment.data.gov.uk/flood-monitoring/def/core/datumASD,900,mASD,instantaneous,0.626,2
2024-01-06T05:45:00Z,2024-01-06,http://environment.data.gov.uk/flood-monitoring/id/measures/2904TH-level-stage-i-15_min-mASD,http://environment.data.gov.uk/flood-monitoring/id/stations/2904TH,Shepperton Lock,2904TH,level,Stage,http://environment.data.gov.uk/flood-monitoring/def/core/datumASD,900,mASD,instantaneous,0.642,2
2024-01-06T06:00:00Z,2024-01-06,http://environment.data.gov.uk/flood-monitoring/id/measures/2904TH-level-stage-i-15_min-mASD,http://environment.data.gov.uk/flood-monitoring/id/stations/2904TH,Shepperton Lock,2904TH,level,Stage,http://environment.data.gov.uk/flood-monitoring/def/core/datumASD,900,mASD,instantaneous,0.659,2
2024-01-06T06:15:00Z,2024-01-06,http://environment.data.gov.uk/flood-monitoring/id/measures/2904TH-level-stage-i-15_min-mASD,http://environment.data.gov.uk/flood-monitoring/id/stations/2904TH,Shepperton Lock,2904TH,level,Stage,http://environment.data.gov.uk/flood-monitoring/def/core/datumASD,900,mASD,instantaneous,0.649,2
2024-01-06T06:30:00Z,2024-01-06,http://environment.data.gov.uk/flood-monitoring/id/measures/2904TH-level-stage-i-15_min-mASD,http://environment.data.gov.uk/flood-monitoring/id/stations/2904TH,Shepperton Lock,2904TH,level,Stage,http://environment.data.gov.uk/flood-monitoring/def/core/datumASD,900,mASD,instantaneous,0.652,2
2024-01-06T06:45:00Z,2024-01-06,http://environment.data.gov.uk/flood-monitoring/id/measures/2904TH-level-stage-i-15_min-mASD,http://environment.data.gov.uk/flood-monitoring/id/stations/2904TH,Shepperton Lock,2904TH,level,Stage,http://environment.data.gov.uk/flood-monitoring/def/core/datumASD,900,mASD,instantaneous,0.612,2
2024-01-06T07:00:00Z,2024-01-06,http://environment.data.gov.uk/flood-monitoring/id/measures/2904TH-level-stage-i-15_min-mASD,http://environment.data.gov.uk/flood-monitoring/id/stations/2904TH,Shepperton Lock,2904TH,level,Stage,http://environment.data.gov.uk/flood-monitoring/def/core/datumASD,900,mASD,instantaneous,0.613,2
2024-01-06T07:15:00Z,2024-01-06,http://environment.data.gov.uk/flood-monitoring/id/measures/2904TH-level-stage-i-15_min-mASD,http://environment.data.gov.uk/flood-monitoring/id/stations/2904TH,Shepperton Lock,2904TH,level,Stage,http://environment.data.gov.uk/flood-monitoring/def/core/datumASD,900,mASD,instantaneous,0.619,2
2024-01-06T07:30:00Z,2024-01-06,http://environment.data.gov.uk/flood-monitoring/id/measures/2904TH-level-stage-i-15_min-mASD,http://environment.data.gov.uk/flood-monitoring/id/stations/2904TH,Shepperton Lock,2904TH,level,Stage,http://environment.data.gov.uk/flood-monitoring/def/core/datumASD,900,mASD,instantaneous,0.659,2
2024-01-06T07:45:00Z,2024-01-06,http://environment.data.gov.uk/flood-monitoring/id/measures/2904TH-level-stage-i-15_min-mASD,http://environment.data.gov.uk/flood-monitoring/id/stations/2904TH,Shepperton Lock,2904TH,level,Stage,http://environment.data.gov.uk/flood-monitoring/def/core/datumASD,900,mASD,instantaneous,0.662,2
2024-01-06T08:00:00Z,2024-01-06,http://environment.data.gov.uk/flood-monitoring/id/measures/2904TH-level-stage-i-15_min-mASD,http://environment.data.gov.uk/flood-monitoring/id/stations/2904TH,Shepperton Lock,2904TH,level,Stage,http://environment.data.gov.uk/flood-monitoring/def/core/datumASD,900,mASD,instantaneous,0.651,2
2024-01-06T08:15:00Z,2024-01-06,http://environment.data.gov.uk/flood-monitoring/id/measures/2904TH-level-stage-i-15_min-mASD,http://environment.data.gov.uk/flood-monitoring/id/stations/2904TH,Shepperton Lock,2904TH,level,Stage,http://environment.data.gov.uk/flood-monitoring/def/core/datumASD,900,mASD,instantaneous,0.65,2
2024-01-06T08:30:00Z,2024-01-06,http://environment.data.gov.uk/flood-monitoring/id/measures/2904TH-level-stage-i-15_min-mASD,http://environment.data.gov.uk/flood-monitoring/id/stations/2904TH,Shepperton Lock,2904TH,level,Stage,http://environment.data.gov.uk/flood-monitoring/def/core/datumASD,900,mASD,instantaneous,0.628,2
2024-01-06T08:45:00Z,2024-01-06,http://environment.data.gov.uk/flood-monitoring/id/measures/2904TH-level-stage-i-15_min-mASD,http://environment.data.gov.uk/flood-monitoring/id/stations/2904TH,Shepperton Lock,2904TH,level,Stage,http://environment.data.gov.uk/flood-monitoring/def/core/datumASD,900,mASD,instantaneous,0.639,2
2024-01-06T09:00:00Z,2024-01-06,http://environment.data.gov.uk/flood-monitoring/id/measures/2904TH-level-stage-i-15_min-mASD,http://environment.data.gov.uk/flood-monitoring/id/stations/2904TH,Shepperton Lock,2904TH,level,Stage,http://environment.data.gov.uk/flood-monitoring/def/core/datumASD,900,mASD,instantaneous,0.638,2
2024-01-06T09:15:00Z,2024-01-06,http://environment.data.gov.uk/flood-monitoring/id/measures/2904TH-level-stage-i-15_min-mASD,http://environment.data.gov.uk/flood-monitoring/id/stations/2904TH,Shepperton Lock,2904TH,level,Stage,http://environment.data.gov.uk/flood-monitoring/def/core/datumASD,900,mASD,instantaneous,0.617,2
2024-01-06T09:30:00Z,2024-01-06,http://environment.data.gov.uk/flood-monitoring/id/measures/2904TH-level-stage-i-15_min-mASD,http://environment.data.gov.uk/flood-monitoring/id/stations/2904TH,Shepperton Lock,2904TH,level,Stage,http://environment.data.gov.uk/flood-monitoring/def/core/datumASD,900,mASD,instantaneous,0.647,2
2024-01-06T09:45:00Z,2024-01-06,http://environment.data.gov.uk/flood-monitoring/id/measures/2904TH-level-stage-i-15_min-mASD,http://environment.data.gov.uk/flood-monitoring/id/stations/2904TH,Shepperton Lock,2904TH,level,Stage,http://environment.data.gov.uk/flood-monitoring/def/core/datumASD,900,mASD,instantaneous,0.66,2
2024-01-06T10:00:00Z,2024-01-06,http://environment.data.gov.uk/flood-monitoring/id/measures/2904TH-level-stage-i-15_min-mASD,http://environment.data.gov.uk/flood-monitoring/id/stations/2904TH,Shepperton Lock,2904TH,level,Stage,http://environment.data.gov.uk/flood-monitoring/def/core/datumASD,900,mASD,instantaneous,0.651,2
2024-01-06T10:15:00Z,2024-01-06,http://environment.data.gov.uk/flood-monitoring/id/measures/2904TH-level-stage-i-15_min-mASD,http://environment.data.gov.uk/flood-monitoring/id/stations/2904TH,Shepperton Lock,2904TH,level,Stage,http://environment.data.gov.uk/flood-monitoring/def/core/datumASD,900,mASD,instantaneous,0.622,2
2024-01-06T10:30:00Z,2024-01-06,http://environment.data.gov.uk/flood-monitoring/id/measures/2904TH-level-stage-i-15_min-mASD,http://environment.data.gov.uk/flood-monitoring/id/stations/2904TH,Shepperton Lock,2904TH,level,Stage,http://environment.data.gov.uk/flood-monitoring/def/core/datumASD,900,mASD,instantaneous,0.642,2
2024-01-06T10:45:00Z,2024-01-06,http://environment.data.gov.uk/flood-monitoring/id/measures/2904TH-level-stage-i-15_min-mASD,http://environment.data.gov.uk/flood-monitoring/id/stations/2904TH,Shepperton Lock,2904TH,level,Stage,http://environment.data.gov.uk/flood-monitoring/def/core/datumASD,900,mASD,instantaneous,0.656,2
2024-01-06T11:00:00Z,2024-01-06,http://environment.data.gov.uk/flood-monitoring/id/measures/2904TH-level-stage-i-15_min-mASD,http://environment.data.gov.uk/flood-monitoring/id/stations/2904TH,Shepperton Lock,2904TH,level,Stage,http://environment.data.gov.uk/flood-monitoring/def/core/datumASD,900,mASD,instantaneous,0.64,2
2024-01-06T11:15:00Z,2024-01-06,http://environment.data.gov.uk/flood-monitoring/id/measures/2904TH-level-stage-i-15_min-mASD,http://environment.data.gov.uk/flood-monitoring/id/stations/2904TH,Shepperton Lock,2904TH,level,Stage,http://environment.data.gov.uk/flood-monitoring/def/core/datumASD,900,mASD,instantaneous,0.632,2
2024-01-06T11:30:00Z,2024-01-06,http://environment.data.gov.uk/flood-monitoring/id/measures/2904TH-level-stage-i-15_min-mASD,http://environment.data.gov.uk/flood-monitoring/id/stations/2904TH,Shepperton Lock,2904TH,level,Stage,http://environment.data.gov.uk/flood-monitoring/def/core/datumASD,900,mASD,instantaneous,0.623,2
2024-01-06T11:45:00Z,2024-01-06,http://environment.data.gov.uk/flood-monitoring/id/measures/2904TH-level-stage-i-15_min-mASD,http://environment.data.gov.uk/flood-monitoring/id/stations/2904TH,Shepperton Lock,2904TH,level,Stage,http://environment.data.gov.uk/flood-monitoring/def/core/datumASD,900,mASD,instantaneous,0.634,2
2024-01-06T12:00:00Z,2024-01-06,http://environment.data.gov.uk/flood-monitoring/id/measures/2904TH-level-stage-i-15_min-mASD,http://environment.data.gov.uk/flood-monitoring/id/stations/2904TH,Shepperton Lock,2904TH,level,Stage,http://environment.data.gov.uk/flood-monitoring/def/core/datumASD,900,mASD,instantaneous,0.646,2
2024-01-06T12:15:00Z,2024-01-06,http://environment.data.gov.uk/flood-monitoring/id/measures/2904TH-level-stage-i-15_min-mASD,http://environment.data.gov.uk/flood-monitoring/id/stations/2904TH,Shepperton Lock,2904TH,level,Stage,http://environment.data.gov.uk/flood-monitoring/def/core/datumASD,900,mASD,instantaneous,0.671,2
2024-01-06T12:30:00Z,2024-01-06,http://environment.data.gov.uk/flood-monitoring/id/measures/2904TH-level-stage-i-15_min-mASD,http://environment.data.gov.uk/flood-monitoring/id/stations/2904TH,Shepperton Lock,2904TH,level,Stage,http://environment.data.gov.uk/flood-monitoring/def/core/datumASD,900,mASD,instantaneous,0.679,2
2024-01-06T12:45:00Z,2024-01-06,http://environment.data.gov.uk/flood-monitoring/id/measures/2904TH-level-stage-i-15_min-mASD,http://environment.data.gov.uk/flood-monitoring/id/stations/2904TH,Shepperton Lock,2904TH,level,Stage,http://environment.data.gov.uk/flood-monitoring/def/core/datumASD,900,mASD,instantaneous,0.66,2
2024-01-06T13:00:00Z,2024-01-06,http://environment.data.gov.uk/flood-monitoring/id/measures/2904TH-level-stage-i-15_min-mASD,http://environment.data.gov.uk/flood-monitoring/id/stations/2904TH,Shepperton Lock,2904TH,level,Stage,http://environment.data.gov.uk/flood-monitoring/def/core/datumASD,900,mASD,instantaneous,0.681,2
2024-01-06T13:15:00Z,2024-01-06,http://environment.data.gov.uk/flood-monitoring/id/measures/2904TH-level-stage-i-15_min-mASD,http://environment.data.gov.uk/flood-monitoring/id/stations/2904TH,Shepperton Lock,2904TH,level,Stage,http://environment.data.gov.uk/flood-monitoring/def/core/datumASD,900,mASD,instantaneous,0.668,2
2024-01-06T13:30:00Z,2024-01-06,http://environment.data.gov.uk/flood-monitoring/id/measures/2904TH-level-stage-i-15_min-mASD,http://environment.data.gov.uk/flood-monitoring/id/stations/2904TH,Shepperton Lock,2904TH,level,Stage,http://environment.data.gov.uk/flood-monitoring/def/core/datumASD,900,mASD,instantaneous,0.669,2
2024-01-06T13:45:00Z,2024-01-06,http://environment.data.gov.uk/flood-monitoring/id/measures/2904TH-level-stage-i-15_min-mASD,http://environment.data.gov.uk/flood-monitoring/id/stations/2904TH,Shepperton Lock,2904TH,level,Stage,http://environment.data.gov.uk/flood-monitoring/def/core/datumASD,900,mASD,instantaneous,0.668,2
2024-01-06T14:00:00Z,2024-01-06,http://environment.data.gov.uk/flood-monitoring/id/measures/2904TH-level-stage-i-15_min-mASD,http://environment.data.gov.uk/flood-monitoring/id/stations/2904TH,Shepperton Lock,2904TH,level,Stage,http://environment.data.gov.uk/flood-monitoring/def/core/datumASD,900,mASD,instantaneous,0.671,2
2024-01-06T14:15:00Z,2024-01-06,http://environment.data.gov.uk/flood-monitoring/id/measures/2904TH-level-stage-i-15_min-mASD,http://environment.data.gov.uk/flood-monitoring/id/stations/2904TH,Shepperton Lock,2904TH,level,Stage,http://environment.data.gov.uk/flood-monitoring/def/core/datumASD,900,mASD,instantaneous,0.667,2
2024-01-06T14:30:00Z,2024-01-06,http://environment.data.gov.uk/flood-monitoring/id/measures/2904TH-level-stage-i-15_min-mASD,http://environment.data.gov.uk/flood-monitoring/id/stations/2904TH,Shepperton Lock,2904TH,level,Stage,http://environment.data.gov.uk/flood-monitoring/def/core/datumASD,900,mASD,instantaneous,0.644,2
2024-01-06T14:45:00Z,2024-01-06,http://environment.data.gov.uk/flood-monitoring/id/measures/2904TH-level-stage-i-15_min-mASD,http://environment.data.gov.uk/flood-monitoring/id/stations/2904TH,Shepperton Lock,2904TH,level,Stage,http://environment.data.gov.uk/flood-monitoring/def/core/datumASD,900,mASD,instantaneous,0.647,2
2024-01-06T15:00:00Z,2024-01-06,http://environment.data.gov.uk/flood-monitoring/id/measures/2904TH-level-stage-i-15_min-mASD,http://environment.data.gov.uk/flood-monitoring/id/stations/2904TH,Shepperton Lock,2904TH,level,Stage,http://environment.data.gov.uk/flood-monitoring/def/core/datumASD,900,mASD,instantaneous,0.66,2
2024-01-06T15:15:00Z,2024-01-06,http://environment.data.gov.uk/flood-monitoring/id/measures/2904TH-level-stage-i-15_min-mASD,http://environment.data.gov.uk/flood-monitoring/id/stations/2904TH,Shepperton Lock,2904TH,level,Stage,http://environment.data.gov.uk/flood-monitoring/def/core/datumASD,900,mASD,instantaneous,0.67,2
2024-01-06T15:30:00Z,2024-01-06,http://environment.data.gov.uk/flood-monitoring/id/measures/2904TH-level-stage-i-15_min-mASD,http://environment.data.gov.uk/flood-monitoring/id/stations/2904TH,Shepperton Lock,2904TH,level,Stage,http://environment.data.gov.uk/flood-monitoring/def/core/datumASD,900,mASD,instantaneous,0.672,2
2024-01-06T15:45:00Z,2024-01-06,http://environment.data.gov.uk/flood-monitoring/id/measures/2904TH-level-stage-i-15_min-mASD,http://environment.data.gov.uk/flood-monitoring/id/stations/2904TH,Shepperton Lock,2904TH,level,Stage,http://environment.data.gov.uk/flood-monitoring/def/core/datumASD,900,mASD,instantaneous,0.666,2
2024-01-06T16:00:00Z,2024-01-06,http://environment.data.gov.uk/flood-monitoring/id/measures/2904TH-level-stage-i-15_min-mASD,http://environment.data.gov.uk/flood-monitoring/id/stations/2904TH,Shepperton Lock,2904TH,level,Stage,http://environment.data.gov.uk/flood-monitoring/def/core/datumASD,900,mASD,instantaneous,0.683,2
2024-01-06T16:15:00Z,2024-01-06,http://environment.data.gov.uk/flood-monitoring/id/measures/2904TH-level-stage-i-15_min-mASD,http://environment.data.gov.uk/flood-monitoring/id/stations/2904TH,Shepperton Lock,2904TH,level,Stage,http://environment.data.gov.uk/flood-monitoring/def/core/datumASD,900,mASD,instantaneous,0.67,2
2024-01-06T16:30:00Z,2024-01-06,http://environment.data.gov.uk/flood-monitoring/id/measures/2904TH-level-stage-i-15_min-mASD,http://environment.data.gov.uk/flood-monitoring/id/stations/2904TH,Shepperton Lock,2904TH,level,Stage,http://environment.data.gov.uk/flood-monitoring/def/core/datumASD,900,mASD,instantaneous,0.66,2
2024-01-06T16:45:00Z,2024-01-06,http://environment.data.gov.uk/flood-monitoring/id/measures/2904TH-level-stage-i-15_min-mASD,http://environment.data.gov.uk/flood-monitoring/id/stations/2904TH,Shepperton Lock,2904TH,level,Stage,http://environment.data.gov.uk/flood-monitoring/def/core/datumASD,900,mASD,instantaneous,0.659,2
2024-01-06T17:00:00Z,2024-01-06,http://environment.data.gov.uk/flood-monitoring/id/measures/2904TH-level-stage-i-15_min-mASD,http://environment.data.gov.uk/flood-monitoring/id/stations/2904TH,Shepperton Lock,2904TH,level,Stage,http://environment.data.gov.uk/flood-monitoring/def/core/datumASD,900,mASD,instantaneous,0.652,2
2024-01-06T17:15:00Z,2024-01-06,http://environment.data.gov.uk/flood-monitoring/id/measures/2904TH-level-stage-i-15_min-mASD,http://environment.data.gov.uk/flood-monitoring/id/stations/2904TH,Shepperton Lock,2904TH,level,Stage,http://environment.data.gov.uk/flood-monitoring/def/core/datumASD,900,mASD,instantaneous,0.671,2
2024-01-06T17:30:00Z,2024-01-06,http://environment.data.gov.uk/flood-monitoring/id/measures/2904TH-level-stage-i-15_min-mASD,http://environment.data.gov.uk/flood-monitoring/id/stations/2904TH,Shepperton Lock,2904TH,level,Stage,http://environment.data.gov.uk/flood-monitoring/def/core/datumASD,900,mASD,instantaneous,0.679,2
2024-01-06T17:45:00Z,2024-01-06,http://environment.data.gov.uk/flood-monitoring/id/measures/2904TH-level-stage-i-15_min-mASD,http://environment.data.gov.uk/flood-monitoring/id/stations/2904TH,Shepperton Lock,2904TH,level,Stage,http://environment.data.gov.uk/flood-monitoring/def/core/datumASD,900,mASD,instantaneous,0.658,2
2024-01-06T18:00:00Z,2024-01-06,http://environment.data.gov.uk/flood-monitoring/id/measures/2904TH-level-stage-i-15_min-mASD,http://environment.data.gov.uk/flood-monitoring/id/stations/2904TH,Shepperton Lock,2904TH,level,Stage,http://environment.data.gov.uk/flood-monitoring/def/core/datumASD,900,mASD,instantaneous,0.666,2
2024-01-06T18:15:00Z,2024-01-06,http://environment.data.gov.uk/flood-monitoring/id/measures/2904TH-level-stage-i-15_min-mASD,http://environment.data.gov.uk/flood-monitoring/id/stations/2904TH,Shepperton Lock,2904TH,level,Stage,http://environment.data.gov.uk/flood-monitoring/def/core/datumASD,900,mASD,instantaneous,0.677,2
2024-01-06T18:30:00Z,2024-01-06,http://environment.data.gov.uk/flood-monitoring/id/measures/2904TH-level-stage-i-15_min-mASD,http://environment.data.gov.uk/flood-monitoring/id/stations/2904TH,Shepperton Lock,2904TH,level,Stage,http://environment.data.gov.uk/flood-monitoring/def/core/datumASD,900,mASD,instantaneous,0.677,2
2024-01-06T18:45:00Z,2024-01-06,http://environment.data.gov.uk/flood-monitoring/id/measures/2904TH-level-stage-i-15_min-mASD,http://environment.data.gov.uk/flood-monitoring/id/stations/2904TH,Shepperton Lock,2904TH,level,Stage,http://environment.data.gov.uk/flood-monitoring/def/core/datumASD,900,mASD,instantaneous,0.693,2
2024-01-06T19:00:00Z,2024-01-06,http://environment.data.gov.uk/flood-monitoring/id/measures/2904TH-level-stage-i-15_min-mASD,http://environment.data.gov.uk/flood-monitoring/id/stations/2904TH,Shepperton Lock,2904TH,level,Stage,http://environment.data.gov.uk/flood-monitoring/def/core/datumASD,900,mASD,instantaneous,0.684,2
2024-01-06T19:15:00Z,2024-01-06,http://environment.data.gov.uk/flood-monitoring/id/measures/2904TH-level-stage-i-15_min-mASD,http://environment.data.gov.uk/flood-monitoring/id/stations/2904TH,Shepperton Lock,2904TH,level,Stage,http://environment.data.gov.uk/flood-monitoring/def/core/datumASD,900,mASD,instantaneous,0.651,2
2024-01-06T19:30:00Z,2024-01-06,http://environment.data.gov.uk/flood-monitoring/id/measures/2904TH-level-stage-i-15_min-mASD,http://environment.data.gov.uk/flood-monitoring/id/stations/2904TH,Shepperton Lock,2904TH,level,Stage,http://environment.data.gov.uk/flood-monitoring/def/core/datumASD,900,mASD,instantaneous,0.678,2
2024-01-06T19:45:00Z,2024-01-06,http://environment.data.gov.uk/flood-monitoring/id/measures/2904TH-level-stage-i-15_min-mASD,http://environment.data.gov.uk/flood-monitoring/id/stations/2904TH,Shepperton Lock,2904TH,level,Stage,http://environment.data.gov.uk/flood-monitoring/def/core/datumASD,900,mASD,instantaneous,0.681,2
2024-01-06T20:00:00Z,2024-01-06,http://environment.data.gov.uk/flood-monitoring/id/measures/2904TH-level-stage-i-15_min-mASD,http://environment.data.gov.uk/flood-monitoring/id/stations/2904TH,Shepperton Lock,2904TH,level,Stage,http://environment.data.gov.uk/flood-monitoring/def/core/datumASD,900,mASD,instantaneous,0.69,2
2024-01-06T20:15:00Z,2024-01-06,http://environment.data.gov.uk/flood-monitoring/id/measures/2904TH-level-stage-i-15_min-mASD,http://environment.data.gov.uk/flood-monitoring/id/stations/2904TH,Shepperton Lock,2904TH,level,Stage,http://environment.data.gov.uk/flood-monitoring/def/core/datumASD,900,mASD,instantaneous,0.659,2
2024-01-06T20:30:00Z,2024-01-06,http://environment.data.gov.uk/flood-monitoring/id/measures/2904TH-level-stage-i-15_min-mASD,http://environment.data.gov.uk/flood-monitoring/id/stations/2904TH,Shepperton Lock,2904TH,level,Stage,http://environment.data.gov.uk/flood-monitoring/def/core/datumASD,900,mASD,instantaneous,0.687,2
2024-01-06T20:45:00Z,2024-01-06,http://environment.data.gov.uk/flood-monitoring/id/measures/2904TH-level-stage-i-15_min-mASD,http://environment.data.gov.uk/flood-monitoring/id/stations/2904TH,Shepperton Lock,2904TH,level,Stage,http://environment.data.gov.uk/flood-monitoring/def/core/datumASD,900,mASD,instantaneous,0.698,2
2024-01-06T21:00:00Z,2024-01-06,http://environment.data.gov.uk/flood-monitoring/id/measures/2904TH-level-stage-i-15_min-mASD,http://environment.data.gov.uk/flood-monitoring/id/stations/2904TH,Shepperton Lock,2904TH,level,Stage,http://environment.data.gov.uk/flood-monitoring/def/core/datumASD,900,mASD,instantaneous,0.694,2
2024-01-06T21:15:00Z,2024-01-06,http://environment.data.gov.uk/flood-monitoring/id/measures/2904TH-level-stage-i-15_min-mASD,http://environment.data.gov.uk/flood-monitoring/id/stations/2904TH,Shepperton Lock,2904TH,level,Stage,http://environment.data.gov.uk/flood-monitoring/def/core/datumASD,900,mASD,instantaneous,0.677,2
2024-01-06T21:30:00Z,2024-01-06,http://environment.data.gov.uk/flood-monitoring/id/measures/2904TH-level-stage-i-15_min-mASD,http://environment.data.gov.uk/flood-monitoring/id/stations/2904TH,Shepperton Lock,2904TH,level,Stage,http://environment.data.gov.uk/flood-monitoring/def/core/datumASD,900,mASD,instantaneous,0.675,2
2024-01-06T22:30:00Z,2024-01-06,http://environment.data.gov.uk/flood-monitoring/id/measures/2904TH-level-stage-i-15_min-mASD,http://environment.data.gov.uk/flood-monitoring/id/stations/2904TH,Shepperton Lock,2904TH,level,Stage,http://environment.data.gov.uk/flood-monitoring/def/core/datumASD,900,mASD,instantaneous,0.702,2
2024-01-06T21:45:00Z,2024-01-06,http://environment.data.gov.uk/flood-monitoring/id/measures/2904TH-level-stage-i-15_min-mASD,http://environment.data.gov.uk/flood-monitoring/id/stations/2904TH,Shepperton Lock,2904TH,level,Stage,http://environment.data.gov.uk/flood-monitoring/def/core/datumASD,900,mASD,instantaneous,0.671,2
2024-01-06T22:00:00Z,2024-01-06,http://environment.data.gov.uk/flood-monitoring/id/measures/2904TH-level-stage-i-15_min-mASD,http://environment.data.gov.uk/flood-monitoring/id/stations/2904TH,Shepperton Lock,2904TH,level,Stage,http://environment.data.gov.uk/flood-monitoring/def/core/datumASD,900,mASD,instantaneous,0.694,2
2024-01-06T22:15:00Z,2024-01-06,http://environment.data.gov.uk/flood-monitoring/id/measures/2904TH-level-stage-i-15_min-mASD,http://environment.data.gov.uk/flood-monitoring/id/stations/2904TH,Shepperton Lock,2904TH,level,Stage,http://environment.data.gov.uk/flood-monitoring/def/core/datumASD,900,mASD,instantaneous,0.688,2
2024-01-06T22:45:00Z,2024-01-06,http://environment.data.gov.uk/flood-monitoring/id/measures/2904TH-level-stage-i-15_min-mASD,http://environment.data.gov.uk/flood-monitoring/id/stations/2904TH,Shepperton Lock,2904TH,level,Stage,http://environment.data.gov.uk/flood-monitoring/def/core/datumASD,900,mASD,instantaneous,0.683,2
2024-01-06T23:00:00Z,2024-01-06,http://environment.data.gov.uk/flood-monitoring/id/measures/2904TH-level-stage-i-15_min-mASD,http://environment.data.gov.uk/flood-monitoring/id/stations/2904TH,Shepperton Lock,2904TH,level,Stage,http://environment.data.gov.uk/flood-monitoring/def/core/datumASD,900,mASD,instantaneous,0.691,2
2024-01-06T23:15:00Z,2024-01-06,http://environment.data.gov.uk/flood-monitoring/id/measures/2904TH-level-stage-i-15_min-mASD,http://environment.data.gov.uk/flood-monitoring/id/stations/2904TH,Shepperton Lock,2904TH,level,Stage,http://environment.data.gov.uk/flood-monitoring/def/core/datumASD,900,mASD,instantaneous,0.675,2
2024-01-06T23:30:00Z,2024-01-06,http://environment.data.gov.uk/flood-monitoring/id/measures/2904TH-level-stage-i-15_min-mASD,http://environment.data.gov.uk/flood-monitoring/id/stations/2904TH,Shepperton Lock,2904TH,level,Stage,http://environment.data.gov.uk/flood-monitoring/def/core/datumASD,900,mASD,instantaneous,0.701,2
2024-01-06T23:45:00Z,2024-01-06,http://environment.data.gov.uk/flood-monitoring/id/measures/2904TH-level-stage-i-15_min-mASD,http://environment.data.gov.uk/flood-monitoring/id/stations/2904TH,Shepperton Lock,2904TH,level,Stage,http://environment.data.gov.uk/flood-monitoring/def/core/datumASD,900,mASD,instantaneous,0.703,2